0,3576.3,7.94,249.600000,370.100000,101.800000,249.000000,359.600000,101.800000,53.0,31.7,103.20,32.500000,214.704000,83.600000,0.400000,231.248840,1610.368866,131.3,0.4,56.8000,45.25000,56.5000,NaN,93.6,92.376018,0.806017,801.0,1000.0,0.669449,2.782623,311.909400
1,3576.3,9.53,233.500000,364.600000,101.300000,231.000000,338.100000,102.400000,58.8,37.6,103.00,38.600000,290.594000,104.700000,1.400000,309.001660,2310.226429,158.5,1.4,56.8000,45.25000,56.5000,NaN,92.9,91.685171,0.806017,801.0,1000.0,0.669449,3.697781,288.600300
2,3576.3,11.11,213.400000,357.100000,101.600000,211.000000,314.800000,100.600000,63.6,42.8,102.60,43.400000,368.042000,114.300000,1.900000,388.114980,3039.489680,172.3,1.9,56.8000,45.25000,56.5000,NaN,91.4,90.204787,0.806017,801.0,1000.0,0.669449,4.515073,248.790600
3,3576.3,12.70,191.600000,347.400000,98.400000,187.000000,291.500000,99.000000,64.7,46.2,102.00,46.100000,434.663000,121.300000,3.300000,455.214520,3824.082686,181.5,3.3,56.8000,45.25000,56.5000,NaN,89.2,88.033555,0.806017,801.0,1000.0,0.669449,5.217673,223.559100
4,3576.3,14.29,171.900000,337.700000,99.200000,169.000000,270.300000,99.500000,64.0,49.4,104.40,49.900000,483.283000,129.800000,4.600000,504.587780,4299.104676,190.6,4.7,56.8000,45.25000,56.5000,NaN,89.7,88.527017,0.806017,801.0,1000.0,0.669449,5.765092,215.148600
5,3576.3,9.53,199.500000,286.400000,106.361669,199.500000,286.600000,106.190000,57.5,38.8,102.64,38.979712,251.700000,76.800000,0.600000,268.896120,1921.000000,119.0,0.6,56.8000,41.22431,48.3000,NaN,90.7,89.513940,0.812700,789.8,1000.0,0.675000,3.076542,241.130794
6,3590.0,7.93,284.317950,391.823775,NaN,284.317950,391.823775,NaN,46.0,NaN,102.80,NaN,198.900000,70.600000,0.000000,206.056016,NaN,NaN,NaN,57.2000,41.88000,52.3000,51.7,NaN,NaN,NaN,NaN,NaN,NaN,NaN,NaN
7,3590.0,11.11,270.943050,384.224400,NaN,270.943050,384.224400,NaN,56.0,NaN,102.90,NaN,341.500000,129.300000,0.100000,354.651203,NaN,NaN,NaN,57.2000,41.88000,52.3000,51.7,NaN,NaN,NaN,NaN,NaN,NaN,NaN,NaN
8,3590.0,14.28,245.510475,371.912399,NaN,245.510475,371.912399,NaN,63.0,NaN,103.00,NaN,569.700000,204.400000,0.800000,586.165220,NaN,NaN,NaN,57.2000,41.88000,52.3000,51.7,NaN,NaN,NaN,NaN,NaN,NaN,NaN,NaN
9,3590.0,17.46,209.641425,346.192061,NaN,209.641425,346.192061,NaN,65.0,NaN,103.30,NaN,692.600000,202.700000,1.200000,712.617222,NaN,NaN,NaN,57.2000,41.88000,52.3000,51.7,NaN,NaN,NaN,NaN,NaN,NaN,NaN,NaN
10,3667.0,7.94,252.000000,354.333525,102.932004,252.000000,354.200000,101.565484,56.0,NaN,105.30,32.997275,234.857429,56.068587,0.000000,261.281260,1807.400000,90.4,0.0,57.2000,38.74000,50.8596,50.1,100.9,99.580558,NaN,787.0,NaN,0.659000,NaN,188.000000
11,3667.0,9.53,250.000000,350.200000,103.186902,250.000000,349.100000,103.322581,61.0,NaN,105.20,39.060921,326.224449,73.887158,0.000000,362.084737,2532.400000,118.0,0.0,57.2000,38.74000,50.8596,50.1,100.1,98.791019,NaN,787.0,NaN,0.659000,NaN,178.000000
12,3667.0,11.11,240.000000,344.000000,105.671499,240.000000,344.100000,105.588710,65.0,NaN,105.20,44.896592,429.722850,92.126725,1.014583,476.204797,3392.300000,146.0,1.0,57.2000,38.74000,50.8596,50.1,102.0,100.666173,NaN,787.0,NaN,0.659000,NaN,169.000000
13,3667.0,12.70,228.000000,336.700000,108.100063,228.000000,343.000000,108.144839,42.0,NaN,105.10,49.839872,532.283025,109.812176,1.378418,589.142653,4228.800000,175.5,1.4,57.2000,38.74000,50.8596,50.1,103.8,102.442635,NaN,787.0,NaN,0.659000,NaN,162.000000
14,3579.0,7.94,259.608696,365.860000,103.471415,259.000000,365.900000,101.420323,52.0,27.2,105.90,28.092310,243.636699,70.732214,1.144438,257.635748,1713.800000,117.3,1.2,62.5724,41.23100,NaN,NaN,93.2,91.981248,NaN,793.7,NaN,0.661000,NaN,230.000000
15,3579.0,9.53,239.423077,342.270000,103.200466,239.000000,342.300000,104.180000,58.0,34.6,105.70,35.099734,313.851050,79.580736,1.657555,327.843001,2353.500000,129.7,1.7,62.5724,41.23100,NaN,NaN,92.0,90.796941,NaN,793.7,NaN,0.661000,NaN,201.000000
16,3579.0,11.11,213.428571,312.270000,103.187111,212.000000,312.300000,103.000000,61.0,41.2,105.20,41.113816,395.000596,85.502056,2.591600,410.017348,3085.500000,139.7,2.7,62.5724,41.23100,NaN,NaN,93.7,92.474710,NaN,793.7,NaN,0.661000,NaN,172.000000
17,3579.0,12.70,194.242424,291.740000,103.229928,194.000000,291.700000,103.917419,62.0,43.7,104.50,44.143173,435.037302,86.214577,3.160148,449.645211,3534.400000,137.7,3.2,62.5724,41.23100,NaN,NaN,89.6,88.428325,NaN,793.7,NaN,0.661000,NaN,157.000000
18,3579.0,14.29,166.000000,263.030000,107.377560,166.000000,263.000000,107.536667,63.0,49.2,103.40,49.753845,494.590862,88.071787,3.510618,509.046953,4071.600000,142.2,3.6,62.5724,41.23100,NaN,NaN,90.3,89.119171,NaN,793.7,NaN,0.661000,NaN,141.000000
19,3582.5,9.53,206.000000,292.000000,105.507978,206.000000,292.000000,105.030000,56.0,37.4,104.60,37.791779,273.400000,59.900000,0.800000,285.536540,2085.000000,94.0,0.7,62.6000,NaN,49.7000,NaN,92.1,90.895633,NaN,783.0,NaN,0.672000,NaN,172.000000
20,3653.0,7.94,323.100000,440.5,108.886435,314.0000,442.7,99.167355,37.0,14.0,105.42,16.204686,310.780642,150.074704,1.203484,337.720255,1784.0,492.8,2.5,63.6,53.27,56.7,56.8,99.4,98.100173,0.787416,798.0,1000.0,0.65400,4.232370,385.415949
21,3653.0,9.53,272.692308,388.7,89.652839,268.0000,388.6,86.747194,48.0,21.0,105.32,22.031064,375.366899,138.977372,0.859212,398.396309,3127.0,238.3,1.0,63.6,53.27,56.7,56.8,99.7,98.396250,0.787416,798.0,1000.0,0.65400,4.714503,295.502880
22,3653.0,12.70,202.153846,308.8,97.877045,197.0000,308.7,92.457903,54.0,35.0,105.22,35.406201,473.779186,151.792127,0.696574,496.806748,3895.7,245.0,0.8,63.6,53.27,56.7,56.8,99.2,97.902788,0.787416,798.0,1000.0,0.65400,5.727870,255.681127
23,3653.0,14.29,165.846154,270.5,79.952750,162.0000,270.4,81.146774,52.0,34.0,105.12,33.825779,488.090219,143.145832,0.426721,509.734296,5129.0,221.2,0.4,63.6,53.27,56.7,56.8,98.9,97.606711,0.787416,798.0,1000.0,0.65400,5.775314,233.960444
24,3653.0,15.88,138.866667,239.3,80.732932,136.0000,239.3,79.541129,51.0,38.0,105.02,37.262202,492.514302,137.675665,0.408536,513.331271,5235.6,209.7,0.4,63.6,53.27,56.7,56.8,100.8,99.481865,0.787416,798.0,1000.0,0.65400,5.764900,223.109461
25,3653.0,14.29,149.888889,251.3,73.306638,151.0000,285.3,72.579258,50.0,NaN,100.21,31.994166,459.306216,114.878435,0.341010,476.676176,5209.5,172.5,0.3,63.6,53.27,56.7,56.8,97.0,95.731557,0.787416,798.0,1000.0,0.65400,5.250915,199.627612
26,3653.0,11.11,191.411765,296.8,76.572068,192.0000,296.8,76.819516,50.0,NaN,102.38,24.801975,355.015451,109.274448,0.329124,371.538077,3705.5,164.0,0.3,63.6,53.27,56.7,56.8,98.0,96.718480,0.787416,798.0,1000.0,0.65400,4.248553,245.683357
27,3650.0,7.94,337.108108,458.6,91.045545,333.0000,458.5,89.433677,60.0,90.3,105.60,31.177723,287.950295,106.662690,0.487666,306.243434,2519.8,163.0,0.5,63.6,47.33,55.4,55.2,89.6,88.428325,0.821344,795.0,1000.0,0.68218,3.724432,294.587295
28,3650.0,9.53,325.842105,452.8,97.787995,325.0000,452.7,98.179065,66.0,95.5,105.49,40.511940,402.789179,143.005731,2.184086,429.876648,3517.8,218.9,2.2,63.6,47.33,55.4,55.2,85.5,84.381939,0.821344,795.0,1000.0,0.68218,5.170166,282.244410
29,3650.0,12.70,299.555556,437.3,103.108052,299.0000,437.2,105.977097,74.0,103.6,105.47,51.379220,654.562299,230.979759,4.556071,692.794005,5599.8,354.6,4.7,63.6,47.33,55.4,55.2,93.8,92.573402,0.821344,795.0,1000.0,0.68218,8.400534,280.561529
30,3650.0,14.29,280.333333,426.2,107.062626,280.0000,426.1,106.771290,75.0,106.8,105.42,52.762798,742.114255,272.769610,6.246334,787.263871,6020.6,421.6,6.4,63.6,47.33,55.4,55.2,92.3,91.093018,0.821344,795.0,1000.0,0.68218,9.636917,292.240697
31,3650.0,15.87,256.210526,414.0,109.784475,255.0000,413.9,109.390323,75.0,110.2,105.36,55.513904,846.816143,302.621077,8.340288,896.908271,6943.1,469.6,8.1,63.6,47.33,55.4,55.2,87.7,86.553170,0.821344,795.0,1000.0,0.68218,10.931155,284.084112
32,3650.0,14.29,271.473684,414.8,108.633163,271.0000,414.7,108.640000,74.0,NaN,105.35,53.125239,720.269307,262.014166,6.011752,763.638663,5914.3,401.1,6.1,63.6,47.33,55.4,55.2,96.3,95.040711,0.821344,795.0,1000.0,0.68218,9.327572,289.183504
33,3650.0,11.11,297.677419,424.5,100.126341,298.0000,424.5,102.254286,70.0,NaN,105.37,44.884050,497.155781,179.763852,3.289543,526.909988,4204.5,274.0,3.3,63.6,47.33,55.4,55.2,88.2,87.046632,0.821344,795.0,1000.0,0.68218,6.418263,287.517515
34,3653.0,9.53,298.571429,403.4,111.381880,298.0000,402.9,111.612903,64.0,32.0,104.42,42.440340,366.218938,118.276961,1.469333,388.184439,2724.6,184.3,1.5,63.6,43.40,54.9,52.7,88.8,87.638786,0.823536,788.9,1000.0,0.68400,4.587645,254.839032
35,3653.0,11.11,285.650000,399.2,121.682930,288.0000,396.6,123.616800,68.0,36.0,104.42,49.178736,470.288002,145.034547,2.270067,495.845359,3324.9,229.5,2.3,63.6,43.40,54.9,52.7,87.4,86.257094,0.823536,788.9,1000.0,0.68400,5.833182,243.234996
36,NaN,14.29,221.800000,NaN,107.555531,222.0000,NaN,106.770000,69.0,NaN,NaN,52.221790,601.500000,167.100000,1.000000,629.440120,5020.0,254.0,1.0,63.6,NaN,NaN,NaN,90.8,89.612633,0.824330,788.4,1000.0,0.68466,7.275189,219.042279
37,3572.0,6.35,251.286000,341.5,106.000000,251.2860,345.0,114.700000,25.0,NaN,104.90,26.500000,148.196000,40.000000,0.000000,NaN,1768.6,98.2,0.0,30.0,38.59,51.3,51.7,94.8,93.560326,NaN,780.0,NaN,0.66200,NaN,270.000000
38,3572.0,9.53,237.100500,330.0,105.900000,237.1005,328.7,103.800000,31.0,NaN,104.70,38.500000,304.633000,76.600000,0.000000,NaN,2315.9,122.1,0.0,30.0,38.59,51.3,51.7,94.8,93.560326,NaN,780.0,NaN,0.66200,NaN,251.000000
39,3572.0,11.11,222.915000,316.0,108.900000,222.9150,316.1,108.700000,37.0,NaN,104.60,45.000000,389.857000,91.800000,1.100000,NaN,2998.1,143.5,1.2,30.0,38.59,51.3,51.7,103.6,102.245250,NaN,780.0,NaN,0.66200,NaN,236.000000
40,3572.0,12.70,222.915000,301.600000,101.700000,222.91500,329.70000,108.400000,37.0,NaN,104.500,48.200000,472.620000,102.300000,2.400000,NaN,4013.400000,158.9,2.4,30.0,38.59,51.3,51.7,98.0,96.718480,NaN,780.0,NaN,0.662,NaN,217.0
41,3588.5,7.94,258.000000,359.900000,100.200000,258.00000,359.90000,100.200000,57.0,33.0,105.100,33.200000,235.784000,59.600000,1.300000,247.228500,1839.200000,94.7,1.2,30.0,40.39,49.4,NaN,97.6,96.323711,NaN,792.0,NaN,0.683,NaN,200.0
42,3588.5,9.53,250.300000,346.900000,98.900000,248.00000,346.90000,98.800000,62.0,38.5,104.880,39.000000,326.312000,74.000000,2.600000,340.130400,2690.920702,119.1,2.7,30.0,40.39,49.4,NaN,95.5,94.251172,NaN,792.0,NaN,0.683,NaN,180.0
43,3588.5,11.11,232.000000,330.500000,94.500000,232.00000,330.50000,93.100000,66.0,42.9,104.500,43.300000,415.321000,88.700000,3.800000,429.844990,3706.486907,138.7,3.9,30.0,40.39,49.4,NaN,90.3,89.119171,NaN,792.0,NaN,0.683,NaN,169.0
44,3588.5,12.70,214.200000,314.200000,96.900000,215.00000,314.20000,97.000000,68.0,47.9,104.000,47.800000,489.673000,98.600000,4.700000,506.459420,4437.442082,159.2,4.9,30.0,40.39,49.4,NaN,92.0,90.796941,NaN,792.0,NaN,0.683,NaN,160.0
45,3588.5,14.29,193.000000,297.500000,98.200000,193.00000,297.50000,98.300000,68.0,51.0,103.400,51.200000,554.811000,109.100000,5.700000,571.836300,5035.740014,170.4,5.8,30.0,40.39,49.4,NaN,93.2,91.981248,NaN,792.0,NaN,0.683,NaN,156.0
46,3588.5,12.70,206.000000,306.900000,97.200000,206.00000,306.80000,97.600000,67.0,NaN,103.760,48.200000,490.355000,94.700000,4.500000,505.132700,4386.745588,149.6,4.6,30.0,40.39,49.4,NaN,92.5,91.290402,NaN,792.0,NaN,0.683,NaN,153.0
47,NaN,9.53,215.000000,NaN,100.369642,215.00000,NaN,100.260000,58.0,NaN,NaN,37.535415,285.000000,55.400000,0.500000,296.329800,2291.000000,91.0,0.5,30.0,NaN,NaN,NaN,92.9,91.685171,NaN,781.0,NaN,0.665,NaN,152.0
48,3559.5,6.35,307.014750,399.423150,99.228073,297.00000,396.70000,99.030750,49.6,26.0,107.620,26.270447,167.322980,68.614829,1.382565,183.846813,1146.000000,100.0,1.3,22.1,42.98,48.1,46.6,96.5,95.238095,NaN,NaN,NaN,NaN,NaN,NaN
49,3559.5,9.53,289.789500,390.810525,100.820932,285.00000,386.80000,100.650440,59.9,37.9,107.500,38.187472,357.347816,151.630156,2.891253,393.863249,2671.000000,222.0,3.0,22.1,42.98,48.1,46.6,97.6,96.323711,NaN,NaN,NaN,NaN,NaN,NaN
50,3559.5,12.70,264.356925,376.422375,101.831624,259.00000,373.90000,102.065870,66.8,48.6,107.400,48.906680,554.166944,248.055288,4.705913,613.903363,4437.000000,364.0,5.0,22.1,42.98,48.1,46.6,97.8,96.521095,NaN,NaN,NaN,NaN,NaN,NaN
51,3559.5,14.29,245.105175,366.695175,101.264891,241.00000,372.80000,101.153010,68.5,52.0,107.200,52.258438,630.620154,284.276934,5.208313,699.079248,5207.000000,416.0,5.0,22.1,42.98,48.1,46.6,96.8,95.534172,NaN,NaN,NaN,NaN,NaN,NaN
52,3570.0,7.94,277.916667,381.260000,89.587422,278.00000,379.20000,88.880850,52.0,25.6,106.320,25.939783,219.548582,102.507459,1.933761,238.350384,1942.000000,146.0,2.0,22.1,40.06,41.7,42.1,85.6,84.480632,NaN,NaN,NaN,NaN,NaN,NaN
53,3570.0,9.53,268.944444,378.820000,91.795116,269.00000,373.00000,91.437140,58.0,33.4,106.350,33.670695,312.677955,143.396675,4.419035,338.981324,2873.000000,205.0,4.3,22.1,40.06,41.7,42.1,87.6,86.454478,NaN,NaN,NaN,NaN,NaN,NaN
54,3570.0,11.11,260.305556,372.620000,94.275806,259.00000,365.10000,94.226270,64.0,40.7,106.340,40.776275,393.565879,187.108940,6.635298,427.888294,3692.000000,269.0,7.0,22.1,40.06,41.7,42.1,89.6,88.428325,NaN,NaN,NaN,NaN,NaN,NaN
55,3570.0,12.70,249.083333,364.640000,96.180334,248.00000,356.70000,96.333940,65.0,45.0,106.300,44.925875,464.364247,219.667867,9.157682,504.660492,4383.000000,318.0,9.3,22.1,40.06,41.7,42.1,90.6,89.415248,NaN,NaN,NaN,NaN,NaN,NaN
56,3570.0,14.29,229.111111,356.050000,102.962476,229.00000,345.50000,110.259280,70.0,50.7,106.250,50.907904,557.377931,264.386916,11.222107,605.877714,5030.000000,390.0,11.2,22.1,40.06,41.7,42.1,93.2,91.981248,NaN,NaN,NaN,NaN,NaN,NaN
57,3480.0,6.35,331.332750,432.049800,97.747639,331.33275,432.04980,97.747639,44.0,22.0,106.300,21.712269,184.861829,65.014017,0.728749,193.772872,1324.000000,91.1,0.7,55.9,45.17,62.0,61.3,96.3,95.040711,NaN,NaN,NaN,NaN,NaN,NaN
58,3480.0,9.53,320.187000,421.714650,99.540913,320.18700,421.71465,99.540913,57.0,35.0,106.414,35.598659,392.030839,137.230016,0.380387,410.840051,3049.000000,192.2,0.4,55.9,45.17,62.0,61.3,96.7,95.435480,NaN,NaN,NaN,NaN,NaN,NaN
59,3480.0,11.11,306.001500,413.406000,97.632493,306.00150,413.40600,97.632493,62.0,41.0,106.370,41.556189,499.103481,172.148253,0.708122,522.698705,4138.000000,238.9,0.7,55.9,45.17,62.0,61.3,95.3,94.053787,NaN,NaN,NaN,NaN,NaN,NaN
60,3480.0,12.70,277.630500,400.943025,97.079649,277.63050,400.943025,97.079649,67.0,48.0,106.300,46.829613,614.522024,212.284320,1.158116,645.270097,5300.00,293.4,1.2,55.9000,45.1700,62.0,61.3,95.2,93.955095,NaN,NaN,NaN,NaN,NaN,NaN
61,3480.0,14.29,264.458250,385.845600,103.065861,264.45825,385.845600,103.065861,67.0,50.0,106.200,49.950135,688.717396,264.000000,4.000341,726.956166,5609.00,366.4,4.1,55.9000,45.1700,62.0,61.3,92.7,91.487787,NaN,NaN,NaN,NaN,NaN,NaN
62,3480.6,7.94,276.000000,376.653000,97.054138,276.00000,376.600000,97.196846,53.3,29.0,105.970,29.407191,246.487000,75.315000,1.480000,258.685744,2012.00,117.0,1.5,63.5193,39.7000,NaN,NaN,93.4,92.178633,NaN,NaN,NaN,NaN,NaN,NaN
63,3480.6,9.53,272.300000,373.775000,95.573055,272.00000,366.800000,93.293900,54.3,35.8,106.010,35.888389,347.959000,97.659000,3.710000,363.848900,3035.00,150.0,3.5,63.5193,39.7000,NaN,NaN,95.4,94.152480,NaN,NaN,NaN,NaN,NaN,NaN
64,3480.6,11.11,261.800000,363.642000,94.656410,262.00000,354.000000,94.025223,61.9,40.9,105.950,40.903407,444.391000,119.474000,3.523000,463.560542,4049.10,182.7,3.5,63.5193,39.7000,NaN,NaN,90.9,89.711325,NaN,NaN,NaN,NaN,NaN,NaN
65,3480.6,12.70,246.700000,351.180000,97.418041,245.00000,341.200000,100.192825,64.4,45.2,105.850,45.138028,515.363000,134.335000,4.416000,536.956394,4662.42,207.1,4.4,63.5193,39.7000,NaN,NaN,90.3,89.119171,NaN,NaN,NaN,NaN,NaN,NaN
66,3478.5,9.53,260.000000,347.000000,93.852163,260.00000,345.700000,94.363065,57.0,34.3,106.510,35.293837,347.857014,67.787400,5.488664,360.525189,3019.10,104.0,5.6,63.5193,39.4921,NaN,NaN,87.9,86.750555,NaN,779.8,NaN,0.668,NaN,152.0
67,3478.5,11.11,248.136364,342.000000,94.360181,248.00000,335.400000,94.184839,60.0,38.5,106.480,40.519491,448.199811,79.315899,5.451724,462.624893,4002.50,122.7,5.6,63.5193,39.4921,NaN,NaN,87.9,86.750555,NaN,779.8,NaN,0.668,NaN,138.0
68,NaN,12.70,200.000000,NaN,102.135191,200.00000,NaN,102.230000,66.0,NaN,NaN,48.368744,479.100000,80.900000,0.700000,492.602910,4109.00,416.0,0.7,63.5000,NaN,NaN,NaN,93.0,91.783864,NaN,776.7,NaN,0.670,NaN,131.0
69,3564.3,6.35,348.000000,457.000000,97.834809,348.00000,457.500000,98.089097,46.3,22.6,106.944,21.682105,198.978926,67.385520,0.217591,212.011503,1438.80,106.8,0.2,33.7000,47.9300,57.7,58.0,95.1,93.856403,NaN,NaN,NaN,NaN,NaN,NaN
70,3564.3,7.94,345.000000,453.000000,98.682454,345.00000,453.300000,98.454839,52.7,29.4,107.050,30.095862,305.839333,94.690474,0.603767,324.153075,2291.40,155.0,0.6,33.7000,47.9300,57.7,58.0,95.2,93.955095,NaN,NaN,NaN,NaN,NaN,NaN
71,3564.3,11.11,321.000000,438.500000,101.449032,321.00000,438.900000,101.147742,64.6,43.3,107.060,44.035277,543.822742,160.477688,1.758198,574.860885,4419.00,258.9,1.8,33.7000,47.9300,57.7,58.0,97.3,96.027634,NaN,NaN,NaN,NaN,NaN,NaN
72,3564.3,12.70,300.857143,427.900000,101.353141,301.00000,428.300000,101.274839,66.4,46.5,107.030,48.576504,678.314813,196.305677,2.439591,716.282770,5688.20,319.5,2.6,33.7000,47.9300,57.7,58.0,96.2,94.942018,NaN,NaN,NaN,NaN,NaN,NaN
73,3564.3,14.29,280.000000,414.800000,99.070501,280.00000,415.000000,99.075581,71.2,51.9,106.900,51.965131,732.842178,209.888058,3.234125,773.437763,6345.30,331.6,3.3,33.7000,47.9300,57.7,58.0,97.0,95.731557,NaN,NaN,NaN,NaN,NaN,NaN
74,3560.0,7.94,304.086957,415.690000,91.173056,306.00000,415.000000,87.516820,56.0,28.1,106.800,28.252343,243.294650,114.597570,1.180658,262.639901,2209.70,166.2,1.1,33.7000,43.0400,49.5,50.7,86.5,85.368863,NaN,NaN,NaN,NaN,NaN,NaN
75,3560.0,9.53,300.000000,410.660000,93.880421,300.00000,408.800000,92.280440,64.5,35.7,106.870,36.226473,338.211708,159.005150,5.003993,360.397931,3186.00,232.0,4.8,33.7000,43.0400,49.5,50.7,87.6,86.454478,NaN,NaN,NaN,NaN,NaN,NaN
76,3560.0,11.11,288.500000,403.420000,93.628145,288.00000,400.800000,93.910020,67.6,41.9,106.840,42.185262,426.444826,209.712763,6.882270,455.706639,4245.00,305.0,6.8,33.7000,43.0400,49.5,50.7,87.9,86.750555,NaN,NaN,NaN,NaN,NaN,NaN
77,3560.0,12.70,275.833333,395.330000,96.752143,275.00000,392.400000,96.628060,70.0,46.4,106.800,46.532798,504.636044,245.064253,8.104391,538.830612,4973.00,359.8,8.1,33.7000,43.0400,49.5,50.7,89.7,88.527017,NaN,NaN,NaN,NaN,NaN,NaN
78,3560.0,14.29,255.916667,384.930000,101.048229,255.00000,381.200000,101.139150,70.5,50.7,106.740,50.654549,614.456890,293.863528,10.288150,655.461140,5889.07,437.2,10.3,33.7000,43.0400,49.5,50.7,91.9,90.698248,NaN,NaN,NaN,NaN,NaN,NaN
79,3558.0,12.70,216.000000,309.400000,101.981022,215.00000,311.800000,100.950000,67.0,47.7,103.000,47.885399,483.700000,88.500000,1.700000,499.622850,4105.00,132.6,1.6,33.7000,NaN,58.8,NaN,93.5,92.277325,NaN,NaN,NaN,NaN,NaN,NaN
80,3640.5,6.35,270.760151,403.00,105.384230,270.760151,404.8,105.950323,47.0,NaN,104.000,22.445078,182.449315,49.431587,0.320460,191.757604,1239.40,80.0,0.3,63.3000,42.86,50.8,51.2,102.4,101.060943,NaN,784.00,NaN,0.679,NaN,212.0
81,3640.5,9.53,244.449332,396.60,108.491570,244.449332,397.3,108.117097,59.0,NaN,107.071,36.269047,383.719622,93.846672,0.446545,401.391397,2827.30,151.9,0.4,63.3000,42.86,50.8,51.2,97.0,95.731557,NaN,792.00,NaN,0.679,NaN,194.0
82,3640.5,11.11,235.658193,390.00,107.785976,235.658193,390.1,108.501613,62.0,NaN,105.000,42.718857,498.603521,117.470965,1.106618,520.724411,3817.50,185.2,1.1,63.3000,42.86,50.8,51.2,103.7,102.343943,NaN,792.00,NaN,0.679,NaN,187.0
83,3640.5,12.70,227.864812,384.40,110.165932,227.864812,381.3,110.190000,64.0,NaN,104.900,47.986469,612.205113,139.526667,0.651676,638.478636,4835.00,222.6,0.7,63.3000,42.86,50.8,51.2,103.8,102.442635,NaN,792.00,NaN,0.679,NaN,180.0
84,3667.0,7.94,264.000000,362.80,95.601217,263.000000,362.9,95.335032,49.0,26.1,105.540,26.439873,243.222903,61.334611,1.371589,255.245858,1924.90,101.5,1.3,63.3000,39.02,48.3,50.9,93.1,91.882556,NaN,787.00,NaN,0.665,NaN,198.0
85,3667.0,9.53,256.000000,359.30,96.597383,256.000000,359.3,97.321839,55.0,33.4,105.570,33.688653,353.215584,77.987686,3.496397,366.859127,2856.20,123.1,3.5,63.3000,39.02,48.3,50.9,92.8,91.586479,NaN,787.00,NaN,0.665,NaN,174.0
86,3667.0,11.11,249.272727,354.00,98.952402,249.000000,354.0,40.739839,60.0,39.2,105.560,39.666828,451.476632,98.200438,3.891248,468.655780,3766.50,154.0,3.9,63.3000,39.02,48.3,50.9,94.8,93.560326,NaN,787.00,NaN,0.665,NaN,171.0
87,3667.0,12.70,239.636364,348.10,100.101296,239.000000,348.1,45.060355,64.0,43.7,105.510,44.072392,537.870111,113.090654,5.187693,557.654855,4529.60,176.6,5.3,63.3000,39.02,48.3,50.9,95.2,93.955095,NaN,787.00,NaN,0.665,NaN,165.0
88,3667.0,14.29,223.111111,340.00,102.226066,221.000000,340.0,47.846548,66.0,47.8,105.440,48.171090,653.029488,134.344488,6.576014,676.532915,5557.80,206.0,6.6,63.3000,39.02,48.3,50.9,96.0,94.744634,NaN,787.00,NaN,0.665,NaN,162.0
89,3670.0,7.94,264.000000,359.46,96.632335,264.000000,359.2,96.284828,51.1,26.6,105.200,26.721265,239.136611,74.174471,2.521221,252.794653,1868.00,107.0,2.5,63.3000,37.19,48.0,50.2,94.1,92.869479,NaN,NaN,NaN,NaN,NaN,NaN
90,3670.0,9.53,254.652632,354.05,97.732231,254.000000,352.1,97.456688,57.3,34.3,105.200,34.300860,335.805809,98.099903,3.920862,354.703772,2730.00,141.4,3.9,63.3000,37.19,48.0,50.2,95.0,93.757710,NaN,NaN,NaN,NaN,NaN,NaN
91,3670.0,11.11,243.915789,345.57,98.489317,242.000000,342.7,97.216438,62.7,NaN,105.140,40.213198,432.325740,117.408226,5.216374,454.744187,3626.00,169.1,5.2,63.3000,37.19,48.0,50.2,91.4,90.204787,NaN,NaN,NaN,NaN,NaN,NaN
92,3670.0,12.70,229.894737,336.30,102.403780,228.000000,333.1,102.293098,65.1,44.8,105.040,44.739639,503.754978,134.481726,6.656156,528.667649,4152.00,195.9,6.7,63.3000,37.19,48.0,50.2,95.8,94.547249,NaN,778.80,NaN,0.674,NaN,140.0
93,3670.0,14.29,212.495413,323.77,100.802196,211.000000,319.3,95.843582,67.1,48.1,104.900,48.142624,606.991562,153.017733,9.166526,635.339613,5207.00,221.3,9.2,63.3000,37.19,48.0,50.2,95.0,93.757710,NaN,NaN,NaN,NaN,NaN,NaN
94,3668.5,9.53,248.000000,340.00,94.020527,248.000000,339.8,94.195097,59.0,32.4,104.853,33.514286,338.633268,66.589093,1.391210,350.547447,2868.60,105.2,1.4,72.5398,36.75,48.4,49.7,88.8,87.638786,NaN,782.53,NaN,0.660,NaN,154.0
95,3668.5,11.11,239.000000,334.00,95.505153,239.000000,331.7,95.884226,61.0,38.6,104.834,39.285791,432.742012,77.906597,2.018984,445.715480,3773.00,122.8,2.0,72.5398,36.75,48.4,49.7,88.1,86.947940,NaN,782.53,NaN,0.660,NaN,141.0
96,3668.5,12.70,223.888889,326.00,94.892090,223.000000,324.0,95.523484,64.0,42.7,104.740,42.913790,514.101737,91.241421,2.799076,528.931267,4590.30,142.1,2.7,72.5398,36.75,48.4,49.7,88.8,87.638786,NaN,782.53,NaN,0.660,NaN,139.0
97,3668.5,14.29,206.000000,318.00,97.270564,205.000000,312.5,95.523484,66.0,46.9,104.643,46.715433,608.775918,102.942937,3.226368,625.486783,5452.40,161.1,3.3,72.5398,36.75,48.4,49.7,88.9,87.737478,NaN,782.53,NaN,0.660,NaN,132.0
98,NaN,12.70,199.000000,NaN,100.247185,199.000000,NaN,100.080000,64.0,NaN,NaN,45.942308,476.100000,85.800000,0.500000,491.081180,4122.00,132.9,0.5,72.5000,NaN,NaN,NaN,91.0,89.810017,NaN,NaN,NaN,NaN,NaN,NaN
99,3548.5,6.35,187.000000,300.50,103.757532,187.000000,300.0,107.895920,26.0,NaN,104.520,16.817760,100.300000,85.700000,0.200000,117.868700,755.63,268.9,0.3,40.8000,37.12,44.2,44.6,101.1,99.777942,NaN,NaN,NaN,NaN,NaN,NaN
100,3548.5,9.53,177.000000,261.100000,103.976587,177.000000,259.600000,103.98386,39.0,NaN,104.130,27.425338,206.800000,115.200000,2.200000,231.97340,1328.00,186.7,2.2,40.8,37.12,44.2,44.6,102.000000,100.666173,NaN,NaN,NaN,NaN,NaN,NaN
101,3548.5,11.11,157.000000,231.600000,102.539332,157.000000,227.400000,102.51287,43.0,NaN,103.740,33.977619,251.500000,119.700000,3.600000,278.92687,1790.00,191.7,3.7,40.8,37.12,44.2,44.6,100.800000,99.481865,NaN,NaN,NaN,NaN,NaN,NaN
102,3548.5,12.70,140.000000,207.900000,103.268876,140.000000,206.200000,103.34484,46.0,NaN,103.370,39.507957,275.000000,119.500000,3.800000,301.16235,2056.00,191.1,3.7,40.8,37.12,44.2,44.6,101.500000,100.172712,NaN,NaN,NaN,NaN,NaN,NaN
103,3548.5,14.29,129.000000,192.000000,103.874343,129.000000,192.000000,103.86777,47.0,NaN,103.090,42.889364,275.900000,112.200000,3.800000,301.36198,2119.00,179.3,3.9,40.8,37.12,44.2,44.6,102.200000,100.863558,NaN,NaN,NaN,NaN,NaN,NaN
104,3548.5,7.94,143.900000,226.790000,102.048440,143.000000,226.800000,101.13834,27.8,NaN,103.300,21.558206,119.800000,51.800000,0.400000,132.06664,765.00,70.3,0.3,40.8,33.22,NaN,NaN,98.000000,96.718480,NaN,NaN,NaN,NaN,NaN,NaN
105,3548.5,9.53,138.500000,210.110000,100.592332,138.000000,210.000000,100.40366,30.5,26.2,103.170,27.582030,168.400000,70.600000,1.000000,185.11908,1180.00,94.8,1.0,40.8,33.22,NaN,NaN,98.000000,96.718480,NaN,NaN,NaN,NaN,NaN,NaN
106,3548.5,11.11,130.000000,194.680000,101.261189,128.000000,194.600000,101.40632,36.0,34.3,102.970,34.280063,200.400000,79.400000,1.200000,219.20312,1499.00,106.0,1.2,40.8,33.22,NaN,NaN,98.500000,97.211942,NaN,NaN,NaN,NaN,NaN,NaN
107,3548.5,12.70,120.100000,181.130000,101.315476,119.000000,181.100000,100.94046,39.3,38.3,102.730,38.839608,221.500000,82.600000,1.800000,241.06148,1736.18,109.3,1.8,40.8,33.22,NaN,NaN,98.300000,97.014557,NaN,NaN,NaN,NaN,NaN,NaN
108,3548.5,14.29,111.100000,169.250000,100.398554,109.000000,169.200000,95.35319,43.0,41.6,102.500,42.075778,228.500000,84.000000,2.000000,248.39320,1869.95,110.5,2.0,40.8,33.22,NaN,NaN,98.200000,96.915865,NaN,NaN,NaN,NaN,NaN,NaN
109,3952.0,7.94,289.485525,406.110600,NaN,289.485525,406.110600,NaN,39.5,NaN,107.400,NaN,202.100000,79.800000,0.000000,215.54630,NaN,NaN,NaN,45.2,46.20,55.9,50.5,NaN,NaN,NaN,NaN,NaN,NaN,NaN,NaN
110,3952.0,11.11,275.705325,397.599300,NaN,275.705325,397.599300,NaN,56.5,NaN,107.200,NaN,378.500000,168.900000,0.300000,405.86210,NaN,NaN,NaN,45.2,46.20,55.9,50.5,NaN,NaN,NaN,NaN,NaN,NaN,NaN,NaN
111,3952.0,14.30,259.392000,382.299225,NaN,259.392000,382.299225,NaN,55.7,NaN,107.100,NaN,581.300000,195.600000,0.400000,612.00960,NaN,NaN,NaN,45.2,46.20,55.9,50.5,NaN,NaN,NaN,NaN,NaN,NaN,NaN,NaN
112,3640.8,7.94,252.299250,364.162050,19.600000,252.299250,364.162050,NaN,51.0,NaN,105.076,35.031415,199.600000,71.600000,0.700000,216.72742,11939.00,98.1,1.0,45.2,38.00,49.8,49.2,91.200000,90.007402,NaN,NaN,NaN,NaN,NaN,NaN
113,3640.8,11.11,237.911100,352.509675,19.838013,237.911100,352.509675,NaN,62.0,NaN,106.400,28.823649,386.100000,140.500000,1.400000,414.42620,18965.00,169.4,1.7,45.2,38.00,49.8,49.2,91.200000,90.007402,NaN,NaN,NaN,NaN,NaN,NaN
114,3640.8,14.30,216.480863,338.729475,34.162667,216.480863,338.729475,NaN,67.0,NaN,106.600,34.600668,541.100000,190.600000,1.900000,577.73522,15628.46,230.3,2.3,45.2,38.00,49.8,49.2,90.746154,89.559491,NaN,NaN,NaN,NaN,NaN,NaN
115,3640.8,15.80,202.143375,327.381075,35.390232,202.143375,327.381075,NaN,67.0,NaN,106.800,30.676943,627.110000,207.500000,10.400000,665.77765,16880.02,245.5,11.4,45.2,38.00,49.8,49.2,90.346154,89.164721,NaN,NaN,NaN,NaN,NaN,NaN
116,3640.8,6.35,256.352250,346.835475,104.354909,256.352250,344.800000,106.97411,36.0,NaN,106.200,24.319080,143.897744,54.873441,0.000000,NaN,918.00,99.0,0.0,45.2,36.91,49.1,48.4,103.700000,102.343943,NaN,NaN,NaN,NaN,NaN,NaN
117,3640.8,9.53,242.166750,338.830800,107.218443,242.166750,337.700000,104.39330,44.0,NaN,106.400,37.074300,294.734037,127.429654,2.318239,NaN,2016.83,189.4,2.3,45.2,36.91,49.1,48.4,103.000000,101.653096,NaN,NaN,NaN,NaN,NaN,NaN
118,3640.8,11.11,235.074000,331.130100,106.278887,235.074000,331.000000,106.24757,49.0,NaN,106.470,43.738991,383.327216,163.464557,2.383435,NaN,2808.94,240.6,2.3,45.2,36.91,49.1,48.4,102.600000,101.258327,NaN,NaN,NaN,NaN,NaN,NaN
119,3640.8,12.70,225.954750,322.112175,106.899105,225.954750,321.200000,106.80819,52.0,NaN,106.400,48.825471,470.927280,198.888629,2.887719,NaN,3567.00,292.2,2.8,45.2,36.91,49.1,48.4,102.500000,101.159635,NaN,NaN,NaN,NaN,NaN,NaN
120,3640.8,14.30,218.862000,313.398225,108.513848,218.86200,317.5,108.445900,52.0,NaN,106.700,52.568201,536.444086,223.081982,7.887590,NaN,4111.0,328.4,8.1,45.2000,36.91,49.1,48.4,103.9,102.541327,NaN,NaN,NaN,NaN,NaN,NaN
121,3640.5,7.94,248.043600,346.328850,98.673194,245.00000,346.4,98.064730,48.1,26.5,106.500,26.470534,211.693176,100.381506,1.389456,235.986890,1499.0,172.2,1.4,45.2000,36.99,NaN,NaN,97.4,96.126326,NaN,NaN,NaN,NaN,NaN,NaN
122,3640.5,9.53,241.153500,340.046700,99.750111,235.00000,340.0,97.576020,56.8,35.7,106.600,36.031393,294.102899,137.709263,1.181597,320.158673,2228.3,235.7,1.1,45.2000,36.99,NaN,NaN,97.4,96.126326,NaN,NaN,NaN,NaN,NaN,NaN
123,3640.5,11.11,231.932925,332.518253,100.732036,230.00000,332.5,100.922520,61.9,42.3,106.600,42.686087,375.696136,175.258664,1.801003,408.856876,2957.0,229.8,1.8,45.2000,36.99,NaN,NaN,98.2,96.915865,NaN,NaN,NaN,NaN,NaN,NaN
124,3640.5,12.70,219.672600,323.125425,101.437549,215.00000,323.1,99.997460,65.9,47.6,106.500,47.708890,467.322338,213.294269,2.920924,507.680535,3788.0,364.8,2.9,45.2000,36.99,NaN,NaN,100.1,98.791019,NaN,NaN,NaN,NaN,NaN,NaN
125,3640.5,14.30,206.703000,313.702200,101.614067,203.00000,313.7,106.120930,67.6,51.8,106.400,51.944226,537.995783,253.089065,2.584163,585.882818,4455.0,431.1,2.6,45.2000,36.99,NaN,NaN,98.6,97.310634,NaN,NaN,NaN,NaN,NaN,NaN
126,3577.5,7.94,222.104400,312.992925,99.008466,218.00000,312.9,97.902870,46.2,24.8,106.614,25.195125,196.009813,62.855426,0.333978,213.270247,1391.0,110.9,0.3,45.6000,34.18,49.0,49.7,98.1,96.817172,NaN,NaN,NaN,NaN,NaN,NaN
127,3577.5,9.53,213.795750,304.886925,99.261051,212.00000,305.0,97.428100,53.5,32.1,106.600,32.471255,267.041846,88.695889,0.311693,286.776993,2026.0,155.6,0.3,45.6000,34.18,49.0,49.7,97.7,96.422403,NaN,NaN,NaN,NaN,NaN,NaN
128,3577.5,11.11,198.597000,294.582173,98.843750,200.00000,294.7,98.649890,57.9,38.5,106.500,38.900153,336.646590,115.337296,0.704291,362.309843,2720.0,201.5,0.7,45.6000,34.18,49.0,49.7,97.1,95.830249,NaN,NaN,NaN,NaN,NaN,NaN
129,3577.5,12.70,188.464500,282.494100,98.300555,196.00000,282.6,97.862060,62.3,44.2,106.400,44.626602,406.207894,142.148359,2.725834,437.838629,3464.0,246.9,2.7,45.6000,34.18,49.0,49.7,97.7,96.422403,NaN,NaN,NaN,NaN,NaN,NaN
130,3577.5,14.29,173.265750,270.132450,97.394538,174.00000,270.5,97.383190,63.0,48.3,106.300,48.343215,459.280297,158.907306,3.301537,494.640474,4088.0,273.9,3.3,45.6000,34.18,49.0,49.7,95.2,93.955095,NaN,NaN,NaN,NaN,NaN,NaN
131,3577.3,9.53,148.900000,206.277000,92.300000,149.00000,194.6,92.300000,44.0,27.9,103.250,31.500000,196.407000,30.800000,0.105992,201.100064,1645.0,58.2,0.1,48.8092,23.78,43.4,NaN,89.8,88.625709,NaN,NaN,NaN,NaN,NaN,NaN
132,3577.3,11.11,137.600000,197.500000,92.700000,134.00000,180.6,92.800000,49.0,36.0,103.120,38.300000,244.555000,35.200000,0.100000,249.918544,2118.0,66.7,0.1,48.8092,23.78,43.4,NaN,90.1,88.921786,NaN,NaN,NaN,NaN,NaN,NaN
133,3577.3,12.70,131.300000,189.068000,92.000000,129.00000,162.0,93.000000,53.0,41.8,102.950,42.900000,275.764000,34.600000,0.400000,281.203917,2474.0,66.1,0.4,48.8092,23.78,43.4,NaN,89.6,88.428325,NaN,NaN,NaN,NaN,NaN,NaN
134,3577.3,14.29,120.900000,179.555000,93.300000,119.00000,160.0,92.700000,54.0,45.8,102.720,47.500000,312.620000,31.600000,5.600000,317.593070,2913.0,59.0,5.9,48.8092,23.78,43.4,NaN,89.6,88.428325,NaN,NaN,NaN,NaN,NaN,NaN
135,3554.8,9.53,138.280000,193.300000,93.625481,140.00000,195.0,93.479000,44.0,32.5,104.200,32.471170,175.400000,26.200000,0.400000,182.691860,1462.0,48.6,0.4,48.8000,NaN,34.0,NaN,89.6,88.428325,NaN,NaN,NaN,NaN,NaN,NaN
136,3424.5,6.35,219.875250,316.100000,101.819504,219.87525,316.2,101.922258,24.2,NaN,106.200,23.662576,128.365641,39.741318,0.600000,136.815245,884.0,68.9,0.5,44.2000,37.21,50.2,50.7,101.8,100.468789,NaN,780.0,NaN,0.648,NaN,241.0
137,3424.5,9.53,201.636750,281.500000,103.865199,201.63675,275.9,103.971613,35.5,NaN,106.400,36.558231,244.578710,67.582907,1.398022,259.198290,1867.0,120.4,1.4,44.2000,37.21,50.2,50.7,103.6,102.245250,NaN,780.0,NaN,0.648,NaN,216.0
138,3424.5,11.11,182.385000,257.900000,103.064884,182.38500,258.0,103.451290,42.3,NaN,106.470,42.632478,295.813108,71.294036,2.183448,311.236191,2445.0,123.9,2.3,44.2000,37.21,50.2,50.7,102.6,101.258327,NaN,792.0,NaN,0.648,NaN,191.0
139,3424.5,12.70,163.133250,236.500000,104.280881,163.13325,237.8,104.341290,47.8,NaN,106.400,48.015905,330.504692,74.585852,2.500873,346.640112,2869.0,126.4,2.6,44.2000,37.21,50.2,50.7,103.9,102.541327,NaN,785.0,NaN,0.648,NaN,177.0
140,3424.5,14.30,149.961000,221.200000,104.428843,149.96100,221.3,104.622105,50.6,NaN,106.700,50.575537,346.704076,73.121814,2.550217,362.522875,3112.0,121.4,2.6,44.2,37.21,50.2,50.7,104.0,102.640020,NaN,777.0,NaN,0.648,NaN,164.0
141,3437.0,7.50,212.000000,305.560000,100.800000,215.00000,305.6,99.700000,40.0,26.0,106.500,25.900000,162.152000,45.400000,0.600000,172.040720,1168.0,79.0,0.5,44.2,36.46,47.9,48.6,99.8,98.494942,NaN,782.0,NaN,0.684,NaN,219.0
142,3437.0,7.94,210.625000,298.690000,100.600000,209.00000,298.7,100.600000,48.0,27.8,106.600,28.500000,189.820000,52.800000,1.000000,201.320840,1401.0,93.1,1.0,44.2,36.46,47.9,48.6,99.8,98.494942,NaN,782.0,NaN,0.684,NaN,218.0
143,3437.0,9.53,193.520000,278.230000,100.600000,193.00000,278.2,100.600000,54.0,35.1,106.600,36.300000,250.427000,63.900000,1.500000,264.345920,1996.0,110.8,1.6,44.2,36.46,47.9,48.6,100.1,98.791019,NaN,782.0,NaN,0.684,NaN,200.0
144,3437.0,11.11,175.230769,256.210000,101.200000,173.00000,256.2,101.200000,54.0,40.9,106.500,41.000000,305.587000,63.000000,1.700000,319.310100,2545.0,115.5,1.9,44.2,36.46,47.9,48.6,100.1,98.791019,NaN,782.0,NaN,0.684,NaN,161.0
145,3437.0,12.70,153.346154,234.190000,101.300000,154.00000,234.2,101.600000,56.0,45.6,106.400,46.200000,344.288000,69.000000,0.900000,359.317100,3043.0,113.2,1.0,44.2,36.46,47.9,48.6,100.3,98.988404,NaN,782.0,NaN,0.684,NaN,157.0
146,3437.0,14.29,138.157895,216.900000,101.400000,138.00000,216.8,100.200000,57.0,49.3,106.430,49.700000,360.232000,71.100000,0.800000,375.718380,3320.0,116.8,0.8,44.2,36.46,47.9,48.6,100.7,99.383173,NaN,782.0,NaN,0.684,NaN,154.0
147,3440.0,7.94,163.615385,174.000000,92.052690,163.00000,174.0,90.945000,44.0,25.6,102.550,25.942778,145.678508,33.939942,0.239244,154.323251,1187.0,60.9,0.2,44.2,29.17,56.1,NaN,90.0,88.823094,NaN,770.1,NaN,0.570,NaN,180.0
148,3440.0,7.94,163.600000,228.460000,92.587935,164.00000,229.1,92.642000,42.0,24.8,102.507,25.807612,145.723459,33.629767,0.236990,154.289197,1168.0,60.1,0.2,44.2,29.17,56.1,NaN,90.4,89.217863,NaN,770.1,NaN,0.570,NaN,178.0
149,3440.0,7.94,163.000000,228.100000,92.632340,163.00000,231.4,94.154000,43.0,26.6,102.068,26.238924,144.771189,33.849138,0.237655,153.392802,1172.0,59.8,0.2,44.2,29.17,56.1,NaN,90.7,89.513940,NaN,770.1,NaN,0.570,NaN,180.0
150,3277.8,6.35,288.776250,382.500000,101.900000,288.77625,378.6,104.100000,26.5,NaN,106.200,25.900000,168.591000,48.300000,0.800000,178.860380,1891.0,116.8,0.8,44.5,40.35,53.9,52.7,101.5,100.172712,NaN,781.0,NaN,0.672,NaN,224.0
151,3277.8,9.53,282.696750,373.700000,103.800000,282.69675,379.6,103.500000,39.0,NaN,106.400,40.100000,354.224000,89.800000,3.200000,373.318680,1192.0,82.6,0.8,44.5,40.35,53.9,52.7,101.5,100.172712,NaN,186.0,NaN,0.672,NaN,199.0
152,3277.8,11.11,271.551000,365.700000,103.600000,271.55100,372.7,102.900000,45.3,NaN,106.470,46.100000,460.406000,117.300000,0.600000,485.344580,2740.0,152.8,3.3,44.5,40.35,53.9,52.7,103.2,101.850481,NaN,790.0,NaN,0.672,NaN,201.0
153,3277.8,12.70,254.325750,354.500000,104.100000,254.32575,364.1,103.800000,50.3,NaN,106.400,50.500000,569.067000,138.400000,1.600000,598.492440,3730.0,196.5,0.6,44.5,40.35,53.9,52.7,102.7,101.357019,NaN,787.0,NaN,0.672,NaN,191.0
154,3277.8,14.30,239.127000,345.900000,105.800000,239.12700,354.6,104.000000,53.5,NaN,106.700,54.000000,648.097000,158.000000,1.800000,681.689600,4726.0,232.4,1.7,44.5,40.35,53.9,52.7,103.1,101.751789,NaN,787.0,NaN,0.672,NaN,192.0
155,3276.0,7.50,268.000000,370.038900,95.000000,268.00000,370.1,95.400000,56.0,28.6,104.980,30.400000,246.611000,69.900000,1.200000,261.472940,1967.0,114.7,1.1,44.5,39.44,48.3,45.6,94.3,93.066864,NaN,785.0,NaN,0.667,NaN,222.0
156,3276.0,9.53,262.000000,364.678808,94.900000,262.00000,364.6,94.900000,62.0,36.3,105.180,37.500000,350.087000,94.400000,1.400000,370.157840,2970.0,154.5,1.4,44.5,39.44,48.3,45.6,93.5,92.277325,NaN,785.0,NaN,0.667,NaN,212.0
157,3276.0,11.11,252.000000,357.119962,97.000000,252.00000,357.0,96.900000,66.0,42.8,105.240,43.700000,452.114000,117.600000,1.400000,477.117160,3869.0,196.7,1.4,44.5,39.44,48.3,45.6,95.3,94.053787,NaN,785.0,NaN,0.667,NaN,204.0
158,3276.0,12.70,237.400000,347.443425,95.700000,238.00000,347.5,95.800000,70.0,47.5,105.230,47.900000,562.202000,142.000000,2.100000,592.393300,5012.0,235.7,2.0,44.5,39.44,48.3,45.6,94.2,92.968172,NaN,785.0,NaN,0.667,NaN,198.0
159,3276.0,14.30,220.000000,337.878345,99.800000,220.00000,337.7,99.300000,70.0,51.8,105.160,52.100000,653.254000,154.700000,2.300000,686.145520,5733.0,264.3,2.4,44.5,39.44,48.3,45.6,98.5,97.211942,NaN,785.0,NaN,0.667,NaN,186.0
160,3284.0,7.94,241.119565,335.200000,88.700000,241.00000,335.5,89.000000,51.0,27.0,104.68,27.200000,215.336000,55.400000,1.100000,226.538980,1773.0,93.1,1.1,44.5000,35.28,40.5,41.6,89.7,88.527017,NaN,782.0,NaN,0.660,NaN,201.0
161,3284.0,9.53,240.000000,328.100000,91.200000,240.00000,328.4,91.400000,59.1,34.9,104.84,35.700000,312.610000,72.700000,1.900000,325.428910,2750.0,119.2,2.0,44.5000,35.28,40.5,41.6,88.9,87.737478,NaN,782.0,NaN,0.660,NaN,182.0
162,3284.0,11.11,229.000000,318.000000,98.000000,228.00000,318.3,98.900000,63.3,41.4,104.85,42.500000,409.227000,86.300000,3.500000,424.738610,3583.0,143.9,3.5,44.5000,35.28,40.5,41.6,91.0,89.810017,NaN,782.0,NaN,0.660,NaN,165.0
163,3284.0,12.70,215.000000,307.800000,98.600000,215.00000,308.1,97.200000,65.0,45.8,104.78,46.300000,479.085000,93.500000,4.700000,495.629850,4165.0,156.8,4.8,44.5000,35.28,40.5,41.6,94.4,93.165556,NaN,782.0,NaN,0.660,NaN,153.0
164,3284.0,14.29,198.000000,293.600000,98.500000,197.00000,293.9,98.400000,66.9,49.8,104.63,50.500000,568.497000,106.600000,6.400000,587.360940,5113.0,174.3,6.5,44.5000,35.28,40.5,41.6,94.0,92.770787,NaN,782.0,NaN,0.660,NaN,147.0
165,3288.6,7.94,231.229167,309.100000,92.600000,230.00000,307.1,92.700000,51.0,NaN,104.40,28.100000,215.803000,50.500000,0.448917,224.858099,1759.0,84.7,0.4,48.3747,33.21,NaN,NaN,89.9,88.724402,NaN,779.6,NaN,0.668,NaN,182.0
166,3288.6,11.11,217.201681,293.900000,93.100000,215.00000,293.9,93.300000,60.0,NaN,104.60,41.300000,387.675000,72.000000,1.500000,403.746900,3454.0,123.0,1.6,48.3747,33.21,NaN,NaN,90.8,89.612633,NaN,779.6,NaN,0.668,NaN,145.0
167,3289.8,9.53,199.000000,271.000000,95.945951,199.00000,272.3,94.637000,56.0,NaN,103.90,36.161547,264.300000,47.600000,1.000000,274.939600,2223.0,80.0,1.1,48.4000,NaN,39.9,NaN,94.0,92.770787,NaN,772.6,NaN,0.671,NaN,139.0
168,3672.3,6.35,282.696750,375.048408,106.175169,282.69675,372.1,105.487540,25.0,NaN,106.60,24.156162,164.793903,47.629675,0.874894,171.675381,1047.0,75.0,0.9,43.0000,43.98,58.8,65.9,106.0,104.613866,NaN,NaN,NaN,NaN,NaN,NaN
169,3672.3,9.53,268.511250,356.765325,106.421502,268.51125,354.6,104.837070,47.0,NaN,106.80,36.774111,339.983963,100.069299,5.074245,354.420569,2422.0,156.6,5.0,43.0000,43.98,58.8,65.9,105.8,104.416482,NaN,NaN,NaN,NaN,NaN,NaN
170,3672.3,11.11,252.299250,340.857300,106.534572,252.29925,337.0,106.303950,47.0,NaN,106.70,42.814300,424.461412,124.341938,1.688531,443.020586,3175.0,194.0,1.7,43.0000,43.98,58.8,65.9,105.8,104.416482,NaN,NaN,NaN,NaN,NaN,NaN
171,3672.3,12.70,232.034250,323.674606,106.100821,232.03425,321.5,105.740900,47.0,NaN,106.50,47.766267,506.700622,149.282387,1.518696,529.011052,3955.0,231.8,1.5,43.0000,43.98,58.8,65.9,105.4,104.021712,NaN,NaN,NaN,NaN,NaN,NaN
172,3672.3,14.29,213.795750,306.710775,106.114781,213.79575,318.3,106.639850,47.0,NaN,106.30,51.147601,563.908914,165.694839,1.419921,588.995686,4511.0,256.8,1.5,43.0000,43.98,58.8,65.9,106.6,105.206020,NaN,NaN,NaN,NaN,NaN,NaN
173,3679.5,7.94,241.000000,335.970000,89.818321,241.00000,333.4,87.588790,48.2,22.0,106.73,21.988966,236.762629,67.373967,0.500798,245.970352,1599.0,99.5,0.5,43.0000,38.74,48.0,61.8,86.5,85.368863,NaN,NaN,NaN,NaN,NaN,NaN
174,3679.5,9.53,231.217391,325.470000,89.443260,229.00000,321.7,89.371930,54.7,29.5,106.70,29.489080,331.072705,87.197179,1.554165,342.921156,2382.0,128.0,1.5,43.0000,38.74,48.0,61.8,88.0,86.849247,NaN,NaN,NaN,NaN,NaN,NaN
175,3679.5,11.11,219.120000,311.690000,91.737785,217.00000,306.6,91.686360,60.6,36.8,106.59,36.953142,420.970381,107.683738,2.905026,435.678791,3100.0,158.9,2.9,43.0000,38.74,48.0,61.8,89.7,88.527017,NaN,NaN,NaN,NaN,NaN,NaN
176,3679.5,14.29,188.391304,288.760000,96.318884,186.00000,280.4,100.592410,64.0,46.0,106.27,46.008916,585.892780,140.764292,5.141667,605.363289,4343.0,210.4,5.2,43.0000,38.74,48.0,61.8,92.7,91.487787,NaN,NaN,NaN,NaN,NaN,NaN
177,3678.0,7.94,224.800000,319.639000,87.463989,224.00000,317.5,86.870461,50.3,22.9,105.38,23.289476,207.400000,61.300000,1.300000,219.367060,1852.0,91.3,1.3,46.7435,36.96,60.9,60.8,83.7,82.605477,NaN,NaN,NaN,NaN,NaN,NaN
178,3678.0,9.53,216.500000,310.281000,89.161343,214.00000,299.3,90.022499,48.6,30.8,105.36,30.779153,286.100000,75.000000,1.200000,300.831200,2647.0,111.9,1.3,46.7435,36.96,60.9,60.8,85.5,84.381939,NaN,NaN,NaN,NaN,NaN,NaN
179,3678.0,11.11,197.500000,291.377000,92.072882,194.00000,277.3,91.773788,52.4,37.8,105.16,37.694981,356.400000,83.100000,1.500000,371.284710,3324.0,125.0,1.5,46.7435,36.96,60.9,60.8,88.6,87.441401,NaN,NaN,NaN,NaN,NaN,NaN
180,3678.0,12.70,182.2,271.5860,93.255111,179.0,258.6,92.702141,55.6,41.8,104.910,41.832731,394.600,85.100,1.500,408.966380,3728.0,128.3,1.5,46.7435,36.96000,60.9,60.8,89.7,88.527017,NaN,NaN,NaN,NaN,NaN,NaN
181,3678.0,14.29,157.0,249.0760,96.472143,153.0,233.5,100.060417,56.7,47.6,104.500,47.715357,455.600,89.400,1.700,471.005320,4302.0,135.9,1.7,46.7435,36.96000,60.9,60.8,87.3,86.158401,NaN,NaN,NaN,NaN,NaN,NaN
182,3679.5,7.94,211.9,289.3877,91.131226,208.0,289.6,91.304642,47.0,24.4,104.903,24.841650,188.434,61.470,1.118,200.870499,1550.0,92.4,1.1,46.7435,38.65317,64.1,61.3,88.2,87.046632,NaN,NaN,NaN,NaN,NaN,NaN
183,3679.5,9.53,204.0,282.8709,91.173008,201.0,275.3,91.616821,48.9,26.7,104.882,31.580440,261.036,72.910,4.748,273.705215,2265.0,108.9,4.8,46.7435,38.65317,64.1,61.3,88.5,87.342709,NaN,NaN,NaN,NaN,NaN,NaN
184,3679.5,11.11,187.5,267.4787,91.530262,184.0,255.0,89.507935,53.5,33.3,104.689,37.478664,323.372,82.487,6.278,337.681524,2918.0,122.7,6.3,46.7435,38.65317,64.1,61.3,89.8,88.625709,NaN,NaN,NaN,NaN,NaN,NaN
